{
    "loss": [
        3.5075767040252686,
        3.170428514480591,
        2.9363808631896973,
        2.677598237991333,
        2.4867100715637207,
        2.3634746074676514,
        2.3358681201934814,
        2.1292223930358887,
        2.03044056892395,
        1.9151118993759155,
        1.8093993663787842,
        1.8232533931732178,
        1.7096096277236938,
        1.6950604915618896,
        1.706122875213623,
        1.5730571746826172,
        1.5041700601577759,
        1.4804959297180176,
        1.4692808389663696,
        1.4358638525009155,
        1.3746495246887207,
        1.541873812675476,
        1.4765914678573608,
        1.3815680742263794,
        1.34562087059021
    ],
    "accuracy": [
        0.065983347594738,
        0.12043561786413193,
        0.16079436242580414,
        0.2466367781162262,
        0.2594490647315979,
        0.311338871717453,
        0.2978859841823578,
        0.35554131865501404,
        0.39846253395080566,
        0.41127482056617737,
        0.454196035861969,
        0.4292120337486267,
        0.4663677215576172,
        0.4657270908355713,
        0.4830237030982971,
        0.48942986130714417,
        0.5227418541908264,
        0.5176169276237488,
        0.5285073518753052,
        0.5451633334159851,
        0.5695067048072815,
        0.513132631778717,
        0.5393978357315063,
        0.5579756498336792,
        0.5669442415237427
    ],
    "val_loss": [
        3.3073058128356934,
        3.080885887145996,
        2.7688581943511963,
        2.534757137298584,
        2.39778470993042,
        2.4860165119171143,
        2.1709492206573486,
        2.13283109664917,
        2.2153282165527344,
        1.9235979318618774,
        1.92046320438385,
        1.8362681865692139,
        1.771342158317566,
        1.7295854091644287,
        1.7212165594100952,
        1.7003698348999023,
        1.700379729270935,
        1.6590447425842285,
        1.6681815385818481,
        1.6452144384384155,
        1.6441205739974976,
        1.6093868017196655,
        1.6323444843292236,
        1.4112845659255981,
        1.6663342714309692
    ],
    "val_accuracy": [
        0.0452127642929554,
        0.1595744639635086,
        0.2154255360364914,
        0.27659574151039124,
        0.3617021143436432,
        0.2739361822605133,
        0.4228723347187042,
        0.42553192377090454,
        0.42819148302078247,
        0.47074466943740845,
        0.4893617033958435,
        0.563829779624939,
        0.5079787373542786,
        0.5957446694374084,
        0.5904255509376526,
        0.5771276354789734,
        0.5957446694374084,
        0.5877659320831299,
        0.6010638475418091,
        0.6063829660415649,
        0.6143617033958435,
        0.5691489577293396,
        0.603723406791687,
        0.6622340679168701,
        0.6010638475418091
    ]
}